Identifier,City,Category,Meta Title,Meta Description
raipur-rotavator,Raipur,Rotavator,rotavator price in Raipur,rotavator price in Raipur - Transactional........................................................................................................
bilaspur-rotavator,Bilaspur,Rotavator,rotavator price in Bilaspur,rotavator price in Bilaspur - Transactional......................................................................................................
durg-rotavator,Durg,Rotavator,rotavator price in Durg,rotavator price in Durg - Transactional..........................................................................................................
rajnandgaon-rotavator,Rajnandgaon,Rotavator,rotavator price in Rajnandgaon,rotavator price in Rajnandgaon - Transactional...................................................................................................
korba-rotavator,Korba,Rotavator,rotavator price in Korba,rotavator price in Korba - Transactional.........................................................................................................
raipur-seed-drill,Raipur,Seed Drill,seed drill price in Raipur,seed drill price in Raipur - Transactional.......................................................................................................
bilaspur-seed-drill,Bilaspur,Seed Drill,seed drill price in Bilaspur,seed drill price in Bilaspur - Transactional.....................................................................................................
durg-seed-drill,Durg,Seed Drill,seed drill price in Durg,seed drill price in Durg - Transactional.........................................................................................................
rajnandgaon-seed-drill,Rajnandgaon,Seed Drill,seed drill price in Rajnandgaon,seed drill price in Rajnandgaon - Transactional..................................................................................................
korba-seed-drill,Korba,Seed Drill,seed drill price in Korba,seed drill price in Korba - Transactional........................................................................................................
raipur-thresher,Raipur,Thresher,thresher price in Raipur,thresher price in Raipur - Transactional.........................................................................................................
bilaspur-thresher,Bilaspur,Thresher,thresher price in Bilaspur,thresher price in Bilaspur - Transactional.......................................................................................................
durg-thresher,Durg,Thresher,thresher price in Durg,thresher price in Durg - Transactional...........................................................................................................
rajnandgaon-thresher,Rajnandgaon,Thresher,thresher price in Rajnandgaon,thresher price in Rajnandgaon - Transactional....................................................................................................
korba-thresher,Korba,Thresher,thresher price in Korba,thresher price in Korba - Transactional..........................................................................................................
raipur-tractor-trolley,Raipur,Tractor Trolley,tractor trolley price in Raipur,tractor trolley price in Raipur - Transactional..................................................................................................
bilaspur-tractor-trolley,Bilaspur,Tractor Trolley,tractor trolley price in Bilaspur,tractor trolley price in Bilaspur - Transactional................................................................................................
durg-tractor-trolley,Durg,Tractor Trolley,tractor trolley price in Durg,tractor trolley price in Durg - Transactional....................................................................................................
rajnandgaon-tractor-trolley,Rajnandgaon,Tractor Trolley,tractor trolley price in Rajnandgaon,tractor trolley price in Rajnandgaon - Transactional.............................................................................................
korba-tractor-trolley,Korba,Tractor Trolley,tractor trolley price in Korba,tractor trolley price in Korba - Transactional...................................................................................................
raipur-power-weeder,Raipur,Power Weeder,power weeder price in Raipur,power weeder price in Raipur - Transactional.....................................................................................................
bilaspur-power-weeder,Bilaspur,Power Weeder,power weeder price in Bilaspur,power weeder price in Bilaspur - Transactional...................................................................................................
durg-power-weeder,Durg,Power Weeder,power weeder price in Durg,power weeder price in Durg - Transactional.......................................................................................................
rajnandgaon-power-weeder,Rajnandgaon,Power Weeder,power weeder price in Rajnandgaon,power weeder price in Rajnandgaon - Transactional................................................................................................
korba-power-weeder,Korba,Power Weeder,power weeder price in Korba,power weeder price in Korba - Transactional......................................................................................................
raipur-brush-cutter,Raipur,Brush Cutter,brush cutter price in Raipur,brush cutter price in Raipur - Transactional.....................................................................................................
bilaspur-brush-cutter,Bilaspur,Brush Cutter,brush cutter price in Bilaspur,brush cutter price in Bilaspur - Transactional...................................................................................................
durg-brush-cutter,Durg,Brush Cutter,brush cutter price in Durg,brush cutter price in Durg - Transactional.......................................................................................................
rajnandgaon-brush-cutter,Rajnandgaon,Brush Cutter,brush cutter price in Rajnandgaon,brush cutter price in Rajnandgaon - Transactional................................................................................................
korba-brush-cutter,Korba,Brush Cutter,brush cutter price in Korba,brush cutter price in Korba - Transactional......................................................................................................
ambikapur-earth-auger,Ambikapur,Earth Auger,earth auger price in Ambikapur,earth auger price in Ambikapur - Transactional...................................................................................................
raigarh-earth-auger,Raigarh,Earth Auger,earth auger price in Raigarh,earth auger price in Raigarh - Transactional.....................................................................................................
dhamtari-earth-auger,Dhamtari,Earth Auger,earth auger price in Dhamtari,earth auger price in Dhamtari - Transactional....................................................................................................
jagdalpur-earth-auger,Jagdalpur,Earth Auger,earth auger price in Jagdalpur,earth auger price in Jagdalpur - Transactional...................................................................................................
kanker-earth-auger,Kanker,Earth Auger,earth auger price in Kanker,earth auger price in Kanker - Transactional......................................................................................................
ambikapur-rice-transplanter,Ambikapur,Rice Transplanter,rice transplanter price in Ambikapur,rice transplanter price in Ambikapur - Transactional.............................................................................................
raigarh-rice-transplanter,Raigarh,Rice Transplanter,rice transplanter price in Raigarh,rice transplanter price in Raigarh - Transactional...............................................................................................
dhamtari-rice-transplanter,Dhamtari,Rice Transplanter,rice transplanter price in Dhamtari,rice transplanter price in Dhamtari - Transactional..............................................................................................
jagdalpur-rice-transplanter,Jagdalpur,Rice Transplanter,rice transplanter price in Jagdalpur,rice transplanter price in Jagdalpur - Transactional.............................................................................................
kanker-rice-transplanter,Kanker,Rice Transplanter,rice transplanter price in Kanker,rice transplanter price in Kanker - Transactional................................................................................................
ambikapur-rice-mill,Ambikapur,Rice Mill,rice mill price in Ambikapur,rice mill price in Ambikapur - Transactional.....................................................................................................
raigarh-rice-mill,Raigarh,Rice Mill,rice mill price in Raigarh,rice mill price in Raigarh - Transactional.......................................................................................................
dhamtari-rice-mill,Dhamtari,Rice Mill,rice mill price in Dhamtari,rice mill price in Dhamtari - Transactional......................................................................................................
jagdalpur-rice-mill,Jagdalpur,Rice Mill,rice mill price in Jagdalpur,rice mill price in Jagdalpur - Transactional.....................................................................................................
kanker-rice-mill,Kanker,Rice Mill,rice mill price in Kanker,rice mill price in Kanker - Transactional........................................................................................................
ambikapur-milking-machine,Ambikapur,Milking Machine,milking machine price in Ambikapur,milking machine price in Ambikapur - Transactional...............................................................................................
raigarh-milking-machine,Raigarh,Milking Machine,milking machine price in Raigarh,milking machine price in Raigarh - Transactional.................................................................................................
dhamtari-milking-machine,Dhamtari,Milking Machine,milking machine price in Dhamtari,milking machine price in Dhamtari - Transactional................................................................................................
jagdalpur-milking-machine,Jagdalpur,Milking Machine,milking machine price in Jagdalpur,milking machine price in Jagdalpur - Transactional...............................................................................................
kanker-milking-machine,Kanker,Milking Machine,milking machine price in Kanker,milking machine price in Kanker - Transactional..................................................................................................
durg-earth-auger,Durg,Earth Auger,balwaan earth auger 52cc price Durg,balwaan earth auger 52cc price Durg - Transactional..............................................................................................
bilaspur-pulverizer,Bilaspur,Pulverizer,Rupali pulverizer price in Bilaspur,Rupali pulverizer price in Bilaspur - Transactional..............................................................................................
korba-rice-transplanter,Korba,Rice Transplanter,Machine Point rice transplanter 2 rows price Korba,Machine Point rice transplanter 2 rows price Korba - Transactional...............................................................................
raigarh-power-weeder,Raigarh,Power Weeder,balwaan power weeder 7hp price Raigarh,balwaan power weeder 7hp price Raigarh - Transactional...........................................................................................
ambikapur-tractor-trolley,Ambikapur,Tractor Trolley,mahindra tractor trolley 10 ton price Ambikapur,mahindra tractor trolley 10 ton price Ambikapur - Transactional..................................................................................
jagdalpur-thresher,Jagdalpur,Thresher,paddy thresher with engine price Jagdalpur,paddy thresher with engine price Jagdalpur - Transactional.......................................................................................
